<?xml version="1.0" encoding="UTF-8"?>
<project-private xmlns="http://www.netbeans.org/ns/project-private/1">
    <editor-bookmarks xmlns="http://www.netbeans.org/ns/editor-bookmarks/2" lastBookmarkId="0"/>
    <open-files xmlns="http://www.netbeans.org/ns/projectui-open-files/2">
        <group>
            <file>file:/Users/Sung/NetBeansProjects/BioSensingWeb/src/java/edu/fiu/scis/vip/biosensing/DataConnect.java</file>
            <file>file:/Users/Sung/NetBeansProjects/BioSensingWeb/web/sh0wdata.jsp</file>
            <file>file:/Users/Sung/NetBeansProjects/BioSensingWeb/web/showdata.jsp</file>
            <file>file:/Users/Sung/NetBeansProjects/BioSensingWeb/web/BioSensingCloud.jsp</file>
            <file>file:/Users/Sung/NetBeansProjects/BioSensingWeb/web/index.jsp</file>
        </group>
    </open-files>
</project-private>
